"","pH","temp","DO","max_Vif","p_value","proportion"
"1",1,0,0,1,0.975,0.128270591388964
"2",0,1,0,1,0.241666666666667,0.309011785220057
"3",0,0,1,1,0.558333333333333,0.23091153103241
