"","CCA1","CCA2","CA1","CA2"
"X1",-1.07849697236171,0.34949058594439,0.318282259007998,1.63160354689353
"X2",0.896907458552372,-0.926183947275267,-1.29467348978415,0.566258129674469
"X3",-1.02059490548661,0.769649731180528,-0.96431596301695,-1.24676804655857
"X4",1.4095695429879,1.25038099825214,0.517893943501104,-0.40308479771188
"X5",-0.207385123691944,-1.44333736810179,1.42281325029199,-0.548008832297544
