"","pH","temp","DO","max_Vif","p_value","proportion"
"1",0,0,1,1,0.591666666666667,0.233953754112751
"2",0,1,0,1,0.375,0.283031271665688
"3",0,1,1,2.14441797932801,0.15,0.605368922517876
"4",1,0,0,1,0.975,0.128039544579761
"5",1,0,1,1.81498530895942,0.983333333333333,0.335785568142777
"6",1,1,0,1.21077457633923,0.858333333333333,0.411222990702778
"7",1,1,1,3.28129080396119,0.666666666666667,0.714742585536594
