"","Eigenvalue","Proportion Explained","Cumulative Proportion"
"CCA1",0.566130241963448,0.40651,0.40651
"CCA2",0.321465859065954,0.23083,0.63735
"CA1",0.35718786989731,0.25648,0.89383
"CA2",0.147861604583314,0.10617,1
