"","CCA1","CCA2","CA1","CA2"
"temp",0.667090512736443,-0.744976676022162,0,0
"DO",-0.0214015717870438,-0.999770960132891,0,0
