"","sample1","sample2","betaMPD","betaNRI","betaMNTD","betaNTI"
"1","X3","X2",0.361844117647059,0.204830387406037,0.0723352941176471,1.16119241789308
"2","X4","X2",0.339690830449827,0.695063983261,0.0371029411764706,-0.315753030684399
"3","X5","X2",0.319772664359862,-1.10974551833427,0.0376147058823529,-0.193792313524853
"4","X4","X3",0.570403633217993,2.73425742609898,0.0867455882352941,0.690928558231058
"5","X5","X3",0.389538754325259,0.957787870561004,0.0473720588235294,0.0703827701282057
"6","X5","X4",0.35800285467128,0.162357073798701,0.0302294117647059,-1.05034981728641
