"","r.pearson","p.pearson","r.kendall","p.kendall","r.spearman","p.spearman"
"pH",0.932757172463421,0.0672428275365795,1,0.0833333333333333,1,0.0833333333333333
"temp",-0.0142976623140435,0.985702337685956,0,1,0,1
"DO",-0.689463321357886,0.310536678642114,-0.666666666666667,0.333333333333333,-0.8,0.333333333333333
