"","DCA1","DCA2","DCA3","DCA4"
"X2",0.0270144400365347,0,0,0
"X3",-0.0224843635516808,0,0,0
"X4",0.247753832950423,0,0,0
"X5",-0.1753448659556,0,0,0
