"","r.pearson","p.pearson","r.kendall","p.kendall","r.spearman","p.spearman"
"pH",-0.434502784346092,0.565497215653908,-0.333333333333333,0.75,-0.6,0.416666666666667
"temp",-0.884199304669549,0.115800695330451,-0.666666666666667,0.333333333333333,-0.8,0.333333333333333
"DO",-0.318646963143366,0.681353036856634,0,1,0,1
