"","DCA1","DCA2","DCA3","DCA4"
"X2",-0.515187837100024,0,0,0
"X3",0.137541047972022,0,0,0
"X4",0.26260080691828,0,0,0
"X5",-0.0489431684318033,0,0,0
