"","r.pearson","p.pearson","r.kendall","p.kendall","r.spearman","p.spearman"
"pH",0.692942598338547,0.307057401661453,0.333333333333333,0.75,0.6,0.416666666666667
"temp",0.676715143539718,0.323284856460282,0.666666666666667,0.333333333333333,0.8,0.333333333333333
"DO",-0.0295833019016412,0.970416698098359,0,1,0,1
