"","sample1","sample2","euclidean.abun.weight","manhattan.abun.weight","jaccard.abun.weight","bray.abun.weight","binomial.abun.weight","euclidean.not.weight","manhattan.not.weight","jaccard.not.weight","bray.not.weight","binomial.not.weight"
"1","X3","X2",20.0997512422418,54,0.885245901639344,0.794117647058823,6.45263841139105,3,9,0.75,0.6,6.23832462503951
"2","X4","X2",17.2626765016321,44,0.785714285714286,0.647058823529412,5.03947531212589,2.64575131106459,7,0.7,0.538461538461538,4.85203026391962
"3","X5","X2",16.1245154965971,48,0.827586206896552,0.705882352941177,7.05497690598919,3.16227766016838,10,0.714285714285714,0.555555555555556,6.93147180559945
"4","X4","X3",26,54,0.885245901639344,0.794117647058823,4.2569067150121,2.44948974278318,6,0.666666666666667,0.5,4.15888308335967
"5","X5","X3",18,52,0.866666666666667,0.764705882352941,7.79320056846512,3.3166247903554,11,0.785714285714286,0.647058823529412,7.6246189861594
"6","X5","X4",22.5831795812724,52,0.866666666666667,0.764705882352941,6.45528114766972,3,9,0.75,0.6,6.23832462503951
