"","DCA1","DCA2","DCA3","DCA4"
"X2",-0.473913546985643,0,0,0
"X3",0.244733193061729,0,0,0
"X4",0.377406048788521,0,0,0
"X5",-0.148225694864607,0,0,0
