"","DCA1","DCA2","DCA3","DCA4"
"X2",0.144232727100309,0,0,0
"X3",-0.406854417015587,0,0,0
"X4",0.251824167496952,0,0,0
"X5",-0.0392225643298686,0,0,0
