"","DCA1","DCA2","DCA3","DCA4"
"X2",0.04455041750914,0,0,0
"X3",0.285514196515882,0,0,0
"X4",-0.153508232603773,0,0,0
"X5",-0.228799148216227,0,0,0
