"","mpdist","NRI","mntdist","NTI"
"X2",0.27038598615917,0.539611869222146,0.0497882352941176,1.02859434325763
"X3",0.278724048442907,-0.0872306417393242,0.146235294117647,-1.66027105116601
"X4",0.109710726643599,1.21694502479822,0.0640235294117647,0.919151655114824
"X5",0.346039619377163,-0.587502760220524,0.0721529411764706,-0.674925507748757
