"","DCA1","DCA2","DCA3","DCA4"
"X1",-0.787401206250158,-0.134378134405327,-0.134378134405328,-0.134378134405328
"X2",-0.162015378498133,0.276210877148574,0.276210877148572,0.276210877148572
"X3",0.153258109579336,-0.345797114994364,-0.345797114994364,-0.345797114994364
"X4",0.585042744456021,-0.122755828202639,-0.122755828202637,-0.122755828202638
"X5",0.211115730712934,0.326720200453757,0.326720200453757,0.326720200453757
